-- phpMyAdmin SQL Dump
-- version 5.2.0
-- https://www.phpmyadmin.net/
--
-- Host: localhost:3306
-- Generation Time: Oct 31, 2023 at 09:14 AM
-- Server version: 5.7.39
-- PHP Version: 7.4.9

SET SQL_MODE = "NO_AUTO_VALUE_ON_ZERO";
START TRANSACTION;
SET time_zone = "+00:00";


/*!40101 SET @OLD_CHARACTER_SET_CLIENT=@@CHARACTER_SET_CLIENT */;
/*!40101 SET @OLD_CHARACTER_SET_RESULTS=@@CHARACTER_SET_RESULTS */;
/*!40101 SET @OLD_COLLATION_CONNECTION=@@COLLATION_CONNECTION */;
/*!40101 SET NAMES utf8mb4 */;

--
-- Database: `sale-orders`
--

-- --------------------------------------------------------

--
-- Table structure for table `raw_sauce`
--

CREATE TABLE `raw_sauce` (
  `id` int(11) NOT NULL,
  `batch` varchar(255) DEFAULT NULL,
  `reccord_date` date DEFAULT NULL,
  `tank_id` int(11) DEFAULT NULL,
  `type_id` int(11) DEFAULT NULL,
  `ph` decimal(10,2) DEFAULT NULL,
  `nacl_t1` decimal(10,2) DEFAULT NULL,
  `nacl_t2` decimal(10,2) DEFAULT NULL,
  `nacl_t_avr` decimal(10,2) DEFAULT NULL,
  `nacl_p1` decimal(10,2) DEFAULT NULL,
  `nacl_p2` decimal(10,2) DEFAULT NULL,
  `nacl_p_avr` decimal(10,2) DEFAULT NULL,
  `tn_t1` decimal(10,2) DEFAULT NULL,
  `th_t2` decimal(10,2) DEFAULT NULL,
  `tn_t_avr` decimal(10,2) DEFAULT NULL,
  `tn_p1` decimal(10,2) DEFAULT NULL,
  `tn_p2` decimal(10,2) DEFAULT NULL,
  `tn_p_avr` decimal(10,2) DEFAULT NULL,
  `col` int(11) DEFAULT NULL,
  `alc_t` decimal(10,2) DEFAULT NULL,
  `alc_p` decimal(10,2) DEFAULT NULL,
  `ppm` decimal(10,2) DEFAULT NULL,
  `brix` decimal(10,2) DEFAULT NULL,
  `remask` text,
  `created_at` date DEFAULT NULL,
  `updated_at` date DEFAULT NULL,
  `created_by` int(11) DEFAULT NULL,
  `updated_by` int(11) DEFAULT NULL
) ENGINE=InnoDB DEFAULT CHARSET=utf8;

--
-- Dumping data for table `raw_sauce`
--

INSERT INTO `raw_sauce` (`id`, `batch`, `reccord_date`, `tank_id`, `type_id`, `ph`, `nacl_t1`, `nacl_t2`, `nacl_t_avr`, `nacl_p1`, `nacl_p2`, `nacl_p_avr`, `tn_t1`, `th_t2`, `tn_t_avr`, `tn_p1`, `tn_p2`, `tn_p_avr`, `col`, `alc_t`, `alc_p`, `ppm`, `brix`, `remask`, `created_at`, `updated_at`, `created_by`, `updated_by`) VALUES
(1, NULL, '2023-01-03', 9, 1, '4.64', '8.30', '8.35', '8.33', '16.85', '16.95', '16.90', '7.40', '7.40', '7.40', '1.66', '1.66', '1.66', 33, '16.85', '0.73', NULL, NULL, NULL, '2023-10-30', NULL, NULL, NULL),
(2, NULL, '2023-01-04', 10, 1, '4.59', '8.20', '8.20', '8.20', '16.95', '16.95', '16.95', '7.35', '7.35', '7.35', '1.67', '1.67', '1.67', 33, '17.30', '0.63', NULL, NULL, NULL, '2023-10-30', NULL, NULL, NULL),
(3, NULL, '2023-01-04', 7, 1, '4.59', '8.20', '8.25', '8.23', '16.65', '16.75', '16.70', '7.50', '7.35', '7.43', '1.65', '1.67', '1.66', 33, '16.65', '0.78', NULL, NULL, NULL, '2023-10-30', NULL, NULL, NULL),
(4, NULL, '2023-01-05', 6, 1, '4.58', '8.45', '8.50', '8.48', '17.15', '17.26', '17.21', '7.40', '7.55', '7.48', '1.66', '1.64', '1.65', 37, '16.65', '0.78', NULL, NULL, NULL, '2023-10-30', NULL, NULL, NULL),
(5, NULL, '2023-01-06', 10, 1, '4.36', '8.15', '8.15', '8.15', '16.54', '16.54', '16.54', '9.75', '9.85', '9.80', '1.33', '1.31', '1.32', 33, '16.85', '0.80', NULL, NULL, NULL, '2023-10-30', NULL, NULL, NULL),
(6, NULL, '2023-01-07', 7, 1, '4.56', '8.40', '8.50', '8.45', '17.05', '17.26', '17.16', '7.40', '7.40', '7.40', '1.67', '1.67', '1.67', 37, '15.45', '1.12', NULL, NULL, NULL, '2023-10-30', NULL, NULL, NULL),
(7, NULL, '2023-01-09', 8, 1, '4.62', '8.35', '8.35', '8.35', '16.95', '16.95', '16.95', '7.20', '7.35', '7.28', '1.68', '1.66', '1.67', 37, '15.20', '1.17', NULL, NULL, NULL, '2023-10-30', NULL, NULL, NULL),
(8, NULL, '2023-01-11', 6, 1, '4.57', '8.45', '8.50', '8.48', '17.15', '17.26', '17.21', '7.15', '7.20', '7.18', '1.70', '1.68', '1.69', 37, '15.05', '1.21', NULL, NULL, NULL, '2023-10-30', NULL, NULL, NULL),
(9, NULL, '2023-01-16', 8, 1, '4.57', '8.40', '8.40', '8.40', '17.05', '17.05', '17.05', '7.40', '7.55', '7.48', '1.68', '1.65', '1.67', 37, '15.50', '1.10', '1100.00', NULL, NULL, '2023-10-30', NULL, NULL, NULL),
(10, NULL, '2023-01-17', 7, 1, '4.96', '8.70', '8.70', '8.70', '17.66', '17.66', '17.66', '7.50', '7.35', '7.43', '1.66', '1.68', '1.67', 37, '14.20', '1.40', '668.00', NULL, NULL, '2023-10-30', NULL, NULL, NULL),
(11, NULL, '2023-01-18', 6, 1, '4.98', '8.85', '8.85', '8.85', '17.97', '17.97', '17.97', '7.20', '7.35', '7.28', '1.70', '1.68', '1.69', 37, '13.85', '1.48', '651.00', NULL, NULL, '2023-10-30', NULL, NULL, NULL),
(12, NULL, '2023-01-19', 8, 1, '4.63', '8.75', '8.75', '8.75', '17.76', '17.76', '17.76', '7.60', '7.70', '7.65', '1.64', '1.62', '1.63', 37, '16.20', '0.95', '578.00', NULL, NULL, '2023-10-30', NULL, NULL, NULL),
(13, NULL, '2023-01-20', 7, 1, '4.57', '8.75', '8.70', '8.73', '17.76', '17.86', '17.81', '7.40', '7.55', '7.48', '1.66', '1.64', '1.65', 39, '16.30', '0.93', '718.00', NULL, NULL, '2023-10-30', NULL, NULL, NULL),
(14, NULL, '2023-01-21', 6, 1, '4.57', '8.30', '8.25', '8.28', '16.85', '16.75', '16.80', '6.70', '6.65', '6.68', '1.76', '1.77', '1.77', 37, '14.85', '1.25', '1100.00', NULL, NULL, '2023-10-30', NULL, NULL, NULL),
(15, NULL, '2023-01-26', 7, 1, '4.59', '8.30', '8.20', '8.25', '16.85', '16.65', '16.75', '6.50', '6.50', '6.50', '1.79', '1.79', '1.79', 35, '14.60', '1.31', '1100.00', NULL, NULL, '2023-10-30', NULL, NULL, NULL),
(16, NULL, '2023-10-28', 6, 1, '4.89', '8.15', '8.20', '8.18', '16.54', '16.65', '16.60', '6.90', '6.90', '6.90', '1.73', '1.73', '1.73', 33, '14.20', '1.40', '780.00', NULL, NULL, '2023-10-30', NULL, NULL, NULL),
(17, NULL, '2023-10-28', 8, 1, '4.90', '8.45', '8.45', '8.45', '17.15', '17.15', '17.15', '6.85', '6.85', '6.85', '1.73', '1.73', '1.73', 33, '13.75', '1.50', '667.00', NULL, NULL, '2023-10-30', NULL, NULL, NULL),
(18, NULL, '2023-01-30', 8, 1, '4.95', '8.60', '8.65', '8.63', '17.46', '17.56', '17.51', '6.90', '6.75', '6.83', '1.73', '1.76', '1.75', 33, '14.05', '1.43', '663.00', NULL, NULL, '2023-10-30', NULL, NULL, NULL),
(19, NULL, '2023-01-31', 7, 1, '4.87', '8.45', '8.50', '8.48', '17.15', '17.26', '17.21', '6.90', '6.75', '6.83', '1.74', '1.76', '1.75', 33, '14.45', '1.34', '856.00', NULL, NULL, '2023-10-30', NULL, NULL, NULL),
(20, NULL, '2023-02-02', 6, 1, '5.10', '8.65', '8.60', '8.63', '17.56', '17.46', '17.51', '6.85', '6.85', '6.85', '1.75', '1.75', '1.75', 35, '14.20', '1.32', '1100.00', NULL, NULL, '2023-10-30', NULL, NULL, NULL),
(21, NULL, '2023-02-03', 10, 1, '4.26', '8.20', '8.15', '8.18', '16.65', '16.54', '16.60', '9.80', '9.90', '9.85', '1.31', '1.30', '1.31', 37, '17.50', '0.56', '1100.00', NULL, NULL, '2023-10-30', NULL, NULL, NULL),
(22, NULL, '2023-02-04', 8, 1, '5.08', '8.55', '8.55', '8.55', '17.36', '17.36', '17.36', '6.80', '6.95', '6.88', '1.75', '1.73', '1.74', 33, '13.45', '1.50', '419.00', NULL, NULL, '2023-10-30', NULL, NULL, NULL),
(23, NULL, '2023-02-06', 7, 1, '5.10', '8.50', '8.60', '8.55', '17.26', '17.46', '17.36', '6.65', '6.70', '6.68', '1.78', '1.78', '1.78', 37, '12.90', '1.62', '579.00', NULL, NULL, '2023-10-30', NULL, NULL, NULL),
(24, NULL, '2023-02-07', 6, 1, '5.07', '8.50', '8.50', '8.50', '17.26', '17.26', '17.26', '6.95', '6.80', '6.88', '1.74', '1.76', '1.75', 35, '13.70', '1.44', '1100.00', NULL, NULL, '2023-10-30', NULL, NULL, NULL),
(25, NULL, '2023-02-08', 10, 1, '5.07', '8.60', '8.60', '8.60', '17.46', '17.46', '17.46', '6.70', '6.70', '6.70', '1.78', '1.78', '1.78', 33, '13.90', '1.39', '965.00', NULL, NULL, '2023-10-30', NULL, NULL, NULL),
(26, NULL, '2023-02-09', 8, 1, '5.13', '8.55', '8.60', '8.58', '17.36', '17.46', '17.41', '6.95', '7.10', '7.03', '1.74', '1.72', '1.73', 37, '13.50', '1.48', '509.00', NULL, NULL, '2023-10-30', NULL, NULL, NULL),
(27, NULL, '2023-02-10', 7, 1, '5.12', '8.45', '8.55', '8.50', '17.15', '17.36', '17.26', '6.95', '6.95', '6.95', '1.74', '1.74', '1.74', 37, '13.45', '1.50', '572.00', NULL, NULL, '2023-10-30', NULL, NULL, NULL),
(28, NULL, '2023-02-11', 6, 1, '5.16', '8.60', '8.50', '8.55', '17.46', '17.26', '17.36', '6.95', '7.05', '7.00', '1.74', '1.72', '1.73', 35, '5.70', '3.28', '637.00', NULL, NULL, '2023-10-30', NULL, NULL, NULL),
(29, NULL, '2023-02-11', 9, 1, '5.15', '8.60', '8.60', '8.60', '17.46', '17.46', '17.46', '7.05', '7.05', '7.05', '1.72', '1.72', '1.72', 37, '13.10', '1.58', '888.00', NULL, NULL, '2023-10-30', NULL, NULL, NULL),
(30, NULL, '2023-02-13', 8, 1, '5.13', '8.40', '8.40', '8.40', '17.05', '17.05', '17.05', '7.05', '7.05', '7.05', '1.72', '1.72', '1.72', 33, '11.40', '1.97', '886.00', NULL, NULL, '2023-10-30', NULL, NULL, NULL),
(31, NULL, '2023-02-13', 9, 1, '5.09', '8.45', '8.50', '8.48', '17.15', '17.26', '17.21', '7.10', '7.10', '7.10', '1.71', '1.71', '1.71', 37, '13.70', '1.44', '959.00', NULL, NULL, '2023-10-30', NULL, NULL, NULL),
(32, NULL, '2023-02-15', 6, 1, '5.05', '8.50', '8.55', '8.53', '17.26', '17.36', '17.31', '7.25', '7.25', '7.25', '1.70', '1.70', '1.70', 37, '14.10', '1.35', '1100.00', NULL, NULL, '2023-10-30', NULL, NULL, NULL),
(33, NULL, '2023-02-17', 6, 1, '5.01', '8.55', '8.50', '8.53', '17.36', '17.26', '17.31', '7.55', '7.55', '7.55', '1.65', '1.65', '1.65', 37, '14.25', '1.31', '1100.00', NULL, NULL, '2023-10-30', NULL, NULL, NULL),
(34, NULL, '2023-02-18', 9, 1, '5.08', '8.55', '8.55', '8.55', '17.36', '17.36', '17.36', '7.25', '7.30', '7.28', '1.70', '1.69', '1.70', 37, '12.50', '1.72', '1100.00', NULL, NULL, '2023-10-30', NULL, NULL, NULL),
(35, NULL, '2023-02-18', 10, 1, '5.03', '8.45', '8.50', '8.48', '17.15', '17.26', '17.21', '7.10', '6.95', '7.03', '1.72', '1.74', '1.73', 37, '12.60', '1.69', '856.00', NULL, NULL, '2023-10-30', NULL, NULL, NULL),
(36, NULL, '2023-02-20', 8, 1, '4.77', '8.40', '8.50', '8.45', '17.05', '17.26', '17.16', '7.05', '7.05', '7.05', '1.72', '1.72', '1.72', 37, '15.25', '1.08', '750.00', NULL, NULL, '2023-10-30', NULL, NULL, NULL),
(37, NULL, '2023-02-22', 10, 1, '4.77', '8.35', '8.35', '8.35', '16.95', '16.95', '16.95', '7.15', '7.25', '7.20', '1.71', '1.70', '1.71', 37, '15.10', '1.12', '394.00', NULL, NULL, '2023-10-30', NULL, NULL, NULL),
(38, NULL, '2023-02-23', 8, 1, '4.67', '8.30', '8.35', '8.33', '16.85', '16.95', '16.90', '8.60', '8.75', '8.68', '1.50', '1.48', '1.49', 41, '14.95', '1.15', '358.00', NULL, NULL, '2023-10-30', NULL, NULL, NULL),
(39, NULL, '2023-03-02', 9, 1, '4.68', '8.45', '8.40', '8.43', '17.10', '17.00', '17.05', '8.50', '8.50', '8.50', '1.50', '1.50', '1.50', 41, '15.00', '1.14', '427.00', NULL, NULL, '2023-10-30', NULL, NULL, NULL),
(40, NULL, '2023-03-03', 10, 1, '4.76', '8.45', '8.50', '8.48', '17.10', '17.20', '17.15', '8.15', '8.20', '8.18', '1.56', '1.55', '1.56', 37, '14.10', '1.35', '1.54', NULL, NULL, '2023-10-30', NULL, NULL, NULL),
(41, NULL, '2023-03-04', 9, 1, '4.71', '8.30', '8.35', '8.33', '16.90', '16.80', '16.85', '8.80', '8.65', '8.73', '1.46', '1.48', '1.47', 41, '11.95', '1.84', '489.00', NULL, NULL, '2023-10-30', NULL, NULL, NULL),
(42, NULL, '2023-03-08', 10, 1, '4.80', '8.40', '8.45', '8.43', '17.00', '17.10', '17.05', '7.60', '7.60', '7.60', '1.64', '1.64', '1.64', 37, '13.35', '1.52', '1100.00', NULL, NULL, '2023-10-30', NULL, NULL, NULL),
(43, NULL, '2023-03-09', 6, 1, '4.85', '8.50', '8.50', '8.50', '17.20', '17.20', '17.20', '7.35', '7.35', '7.35', '1.68', '1.68', '1.68', 37, '14.40', '1.28', '924.00', NULL, NULL, '2023-10-30', NULL, NULL, NULL),
(44, NULL, '2023-03-09', 10, 1, '4.72', '8.25', '8.30', '8.28', '16.70', '16.80', '16.75', '7.70', '7.70', '7.70', '1.62', '1.62', '1.62', 37, '11.06', '2.04', '932.00', NULL, NULL, '2023-10-30', NULL, NULL, NULL),
(45, NULL, '2023-03-11', 8, 1, '4.58', '8.20', '8.30', '8.25', '16.60', '16.80', '16.70', '8.15', '8.00', '8.08', '1.57', '1.59', '1.58', 37, '13.95', '1.38', '699.00', NULL, NULL, '2023-10-30', NULL, NULL, NULL),
(46, NULL, '2023-03-14', 8, 1, '4.62', '8.20', '8.25', '8.23', '16.60', '16.70', '16.65', '8.10', '8.10', '8.10', '1.57', '1.57', '1.57', 37, '13.95', '1.38', '514.00', NULL, NULL, '2023-10-30', NULL, NULL, NULL),
(47, NULL, '2023-03-16', 8, 1, '4.70', '8.35', '8.35', '8.35', '16.90', '16.90', '16.90', '8.65', '8.65', '8.65', '1.50', '1.50', '1.50', 37, '13.30', '1.55', '557.00', NULL, NULL, '2023-10-30', NULL, NULL, NULL),
(48, NULL, '2023-03-17', 6, 1, '4.73', '8.35', '8.30', '8.33', '16.90', '16.80', '16.85', '7.70', '7.85', '7.78', '1.64', '1.62', '1.63', 37, '13.25', '1.56', '519.00', NULL, NULL, '2023-10-30', NULL, NULL, NULL),
(49, NULL, '2023-03-17', 8, 1, '4.71', '8.40', '8.40', '8.40', '17.00', '17.00', '17.00', '7.60', '7.60', '7.60', '1.65', '1.65', '1.65', 37, '13.45', '1.51', '627.00', NULL, NULL, '2023-10-30', NULL, NULL, NULL),
(50, NULL, '2023-03-18', 9, 1, '4.66', '8.30', '8.35', '8.33', '16.80', '16.90', '16.85', '8.25', '8.25', '8.25', '1.56', '1.56', '1.56', 37, '13.40', '1.52', '502.00', NULL, NULL, '2023-10-30', NULL, NULL, NULL),
(51, NULL, '2023-03-20', 7, 1, '4.74', '8.40', '8.45', '8.43', '17.00', '17.10', '17.05', '7.60', '7.60', '7.60', '1.65', '1.65', '1.65', 37, '13.45', '1.52', '550.00', NULL, NULL, '2023-10-30', NULL, NULL, NULL),
(52, NULL, '2023-03-22', 7, 1, '4.77', '8.45', '8.45', '8.45', '17.10', '17.10', '17.10', '7.45', '7.45', '7.45', '1.65', '1.65', '1.65', 37, '12.50', '1.73', '692.00', NULL, NULL, '2023-10-30', NULL, NULL, NULL),
(53, NULL, '2023-03-27', 6, 1, '4.67', '8.45', '8.40', '8.43', '17.10', '17.00', '17.05', '7.65', '7.80', '7.73', '1.62', '1.60', '1.61', 37, '15.75', '1.45', '572.00', NULL, NULL, '2023-10-30', NULL, NULL, NULL),
(54, NULL, '2023-04-04', 8, 1, '4.67', '8.45', '8.50', '8.48', '17.10', '17.20', '17.15', '7.90', '7.90', '7.90', '1.60', '1.60', '1.60', 37, '13.10', '1.59', '874.00', NULL, NULL, '2023-10-30', NULL, NULL, NULL),
(55, NULL, '2023-04-17', 10, 1, '4.52', '7.95', '8.00', '7.98', '16.09', '16.19', '16.14', '7.55', '7.55', '7.55', '1.63', '1.63', '1.63', 27, '11.45', '1.97', '673.00', NULL, NULL, '2023-10-30', NULL, NULL, NULL),
(56, NULL, '2023-04-19', 7, 1, '4.63', '8.40', '8.45', '8.43', '17.00', '17.10', '17.05', '7.65', '7.80', '7.73', '1.60', '1.58', '1.59', 37, '13.65', '1.46', '540.00', NULL, NULL, '2023-10-30', NULL, NULL, NULL),
(57, NULL, '2023-04-22', 10, 1, '4.52', '7.95', '7.95', '7.95', '16.09', '16.09', '16.09', '7.20', '7.35', '7.28', '1.66', '1.64', '1.65', 29, '15.10', '1.15', '1100.00', NULL, NULL, '2023-10-30', NULL, NULL, NULL),
(58, NULL, '2023-04-25', 6, 1, '4.56', '8.50', '8.50', '8.50', '17.20', '17.31', '17.26', '8.30', '8.30', '8.30', '1.51', '1.51', '1.51', 37, '13.60', '1.48', '863.00', NULL, NULL, '2023-10-30', NULL, NULL, NULL),
(59, NULL, '2023-04-26', 8, 1, '4.58', '8.60', '8.55', '8.58', '17.41', '17.31', '17.36', '8.30', '8.30', '8.30', '1.51', '1.51', '1.51', 37, '13.70', '1.46', '1100.00', NULL, NULL, '2023-10-30', NULL, NULL, NULL),
(60, NULL, '2023-04-27', 7, 1, '4.65', '8.60', '8.65', '8.63', '17.41', '17.51', '17.46', '8.55', '8.55', '8.55', '1.49', '1.49', '1.49', 37, '14.00', '1.39', '907.00', NULL, NULL, '2023-10-30', NULL, NULL, NULL),
(61, NULL, '2023-04-28', 6, 1, '4.52', '8.55', '8.50', '8.53', '17.31', '17.20', '17.26', '9.00', '8.85', '8.93', '1.42', '1.44', '1.43', 41, '14.50', '1.27', '885.00', NULL, NULL, '2023-10-30', NULL, NULL, NULL),
(62, NULL, '2023-05-03', 7, 1, '4.58', '8.25', '8.30', '8.28', '16.70', '16.80', '16.75', '8.25', '8.25', '8.25', '1.52', '1.52', '1.52', 37, '13.55', '1.48', '726.00', NULL, NULL, '2023-10-30', NULL, NULL, NULL),
(63, NULL, '2023-05-04', 6, 1, '4.61', '8.45', '8.45', '8.45', '17.10', '17.10', '17.10', '8.35', '8.35', '8.35', '1.51', '1.51', '1.51', 37, '14.40', '1.28', '1008.00', NULL, NULL, '2023-10-30', NULL, NULL, NULL),
(64, NULL, '2023-05-08', 7, 1, '4.72', '7.65', '7.70', '7.68', '15.48', '15.58', '15.53', '6.95', '7.10', '7.03', '1.71', '1.69', '1.70', 33, '14.95', '1.15', NULL, NULL, NULL, '2023-10-30', NULL, NULL, NULL),
(65, NULL, '2023-05-13', 6, 1, '4.73', '8.40', '8.45', '8.43', '17.00', '17.10', '17.05', '7.10', '7.25', '7.18', '1.69', '1.67', '1.68', 37, '14.00', '1.37', '228.00', NULL, NULL, '2023-10-30', NULL, NULL, NULL),
(66, NULL, '2023-05-15', 7, 1, '4.76', '8.50', '8.40', '8.45', '17.20', '17.00', '17.10', '7.10', '7.10', '7.10', '1.69', '1.69', '1.69', 37, '13.00', '1.60', '185.00', NULL, NULL, '2023-10-30', NULL, NULL, NULL),
(67, NULL, '2023-05-18', 10, 1, '4.76', '8.25', '8.25', '8.25', '16.70', '16.70', '16.70', '7.10', '7.10', '7.10', '1.67', '1.67', '1.67', 33, '13.15', '1.34', '226.00', NULL, NULL, '2023-10-30', NULL, NULL, NULL),
(68, NULL, '2023-05-19', 7, 1, '4.75', '8.50', '8.50', '8.50', '17.20', '17.20', '17.20', '7.25', '7.10', '7.18', '1.65', '1.67', '1.66', 37, '11.45', '1.96', '225.00', NULL, NULL, '2023-10-30', NULL, NULL, NULL),
(69, NULL, '2023-05-19', 8, 1, '4.75', '8.10', '8.05', '8.08', '16.39', '16.29', '16.34', '6.65', '6.65', '6.65', '1.74', '1.74', '1.74', 33, '16005.00', '0.90', '16.10', NULL, NULL, '2023-10-30', NULL, NULL, NULL),
(70, NULL, '2023-05-20', 7, 1, '4.78', '8.65', '8.65', '8.65', '17.47', '17.47', '17.47', '7.60', '7.75', '7.68', '1.60', '1.58', '1.59', 37, '13.85', '1.41', '14.90', NULL, NULL, '2023-10-30', NULL, NULL, NULL),
(71, NULL, '2023-05-22', 8, 1, '4.77', '8.65', '8.65', '8.65', '17.47', '17.47', '17.47', '7.75', '7.75', '7.75', '1.59', '1.59', '1.59', 37, '14.15', '1.34', '169.00', NULL, NULL, '2023-10-30', NULL, NULL, NULL),
(72, NULL, '2023-05-23', 7, 1, '4.80', '8.75', '8.75', '8.75', '16.78', '16.78', '16.78', '7.65', '7.80', '7.73', '1.62', '1.60', '1.61', 37, '13.55', '1.48', '286.00', NULL, NULL, '2023-10-30', NULL, NULL, NULL),
(73, NULL, '2023-05-24', 7, 1, '4.82', '8.60', '8.60', '8.60', '17.37', '17.37', '17.37', '5.55', '5.55', '5.55', '1.91', '1.91', '1.91', 37, '12.90', '1.23', '346.00', NULL, NULL, '2023-10-30', NULL, NULL, NULL),
(74, NULL, '2023-05-24', 8, 1, '4.82', '8.50', '8.50', '8.50', '17.17', '17.17', '17.17', '7.40', '7.40', '7.40', '1.64', '1.64', '1.64', 37, '10.30', '2.22', '387.00', NULL, NULL, '2023-10-30', NULL, NULL, NULL),
(75, NULL, '2023-05-25', 10, 1, '4.83', '8.60', '8.60', '8.60', '17.37', '17.37', '17.37', '7.20', '7.35', '7.28', '1.69', '1.66', '1.68', 35, '12.85', '1.64', '474.00', NULL, NULL, '2023-10-30', NULL, NULL, NULL),
(76, NULL, '2023-05-26', 8, 1, '4.83', '8.20', '8.20', '8.20', '16.56', '16.56', '16.56', '7.40', '7.25', '7.33', '1.66', '1.68', '1.67', 33, '13.90', '1.39', '542.00', NULL, NULL, '2023-10-30', NULL, NULL, NULL),
(77, NULL, '2023-05-26', 10, 1, '4.80', '8.65', '8.65', '8.65', '17.47', '17.47', '17.47', '7.40', '7.35', '7.38', '1.66', '1.66', '1.66', 37, '12.75', '1.66', '586.00', NULL, NULL, '2023-10-30', NULL, NULL, NULL),
(78, NULL, '2023-05-31', 10, 1, '4.52', '8.05', '8.05', '8.05', '16.26', '16.26', '16.26', '7.45', '7.45', '7.45', '1.65', '1.65', '1.65', 23, '14.60', '1.23', '908.00', NULL, NULL, '2023-10-30', NULL, NULL, NULL),
(79, NULL, '2023-06-06', 8, 1, '5.21', '8.60', '8.60', '8.60', '17.37', '17.37', '17.37', '6.45', '6.60', '6.53', '1.79', '1.77', '1.78', 29, '13.45', '1.50', '396.00', NULL, NULL, '2023-10-30', NULL, NULL, NULL),
(80, NULL, '2023-06-07', 9, 1, '4.92', '8.65', '8.65', '8.65', '17.47', '17.47', '17.47', '7.60', '7.50', '7.55', '1.64', '1.62', '1.63', 33, '13.60', '1.46', '468.00', NULL, NULL, '2023-10-30', NULL, NULL, NULL),
(81, NULL, '2023-06-07', 9, 1, '5.15', '8.55', '8.60', '8.58', '17.27', '17.37', '17.32', '6.30', '6.30', '6.30', '1.81', '1.81', '1.81', 29, '11.60', '1.93', '235.00', NULL, NULL, '2023-10-30', NULL, NULL, NULL),
(82, NULL, '2023-06-08', 8, 1, '5.18', '8.60', '8.60', '8.60', '17.37', '17.37', '17.37', '6.40', '6.55', '6.48', '1.80', '1.78', '1.79', 29, '12.35', '1.75', '258.00', NULL, NULL, '2023-10-30', NULL, NULL, NULL),
(83, NULL, '2023-06-09', 9, 1, '5.40', '8.55', '8.60', '8.58', '17.27', '17.37', '17.32', '6.60', '6.60', '6.60', '1.77', '1.77', '1.77', 29, '11.00', '2.06', '406.00', NULL, NULL, '2023-10-30', NULL, NULL, NULL),
(84, NULL, '2023-06-10', 6, 1, '5.24', '8.10', '8.10', '8.10', '16.36', '16.36', '16.36', '6.55', '6.55', '6.55', '1.78', '1.78', '1.78', 29, '13.65', '1.45', '371.00', NULL, NULL, '2023-10-30', NULL, NULL, NULL),
(85, NULL, '2023-06-11', 10, 1, '4.57', '8.10', '8.15', '8.13', '16.36', '16.46', '16.41', '7.35', '7.20', '7.28', '1.66', '1.69', '1.68', 19, '16.85', '0.71', '846.00', NULL, NULL, '2023-10-30', NULL, NULL, NULL),
(86, NULL, '2023-06-12', 8, 1, '5.11', '8.65', '8.65', '8.65', '17.47', '17.47', '17.47', '6.65', '6.50', '6.58', '1.77', '1.79', '1.78', 29, '11.95', '1.84', '425.00', NULL, NULL, '2023-10-30', NULL, NULL, NULL),
(87, NULL, '2023-06-13', 8, 1, '5.10', '8.65', '8.70', '8.68', '17.47', '17.57', '17.52', '6.50', '6.65', '6.58', '1.79', '1.77', '1.78', 29, '12.30', '1.76', '1100.00', NULL, NULL, '2023-10-30', NULL, NULL, NULL),
(88, NULL, '2023-06-13', 9, 1, '5.34', '8.70', '8.70', '8.70', '17.57', '17.57', '17.57', '6.50', '6.60', '6.55', '1.79', '1.78', '1.79', 33, '13.30', '1.53', '1100.00', NULL, NULL, '2023-10-30', NULL, NULL, NULL),
(89, NULL, '2023-06-14', 6, 1, '5.20', '8.50', '8.50', '8.50', '17.17', '17.17', '17.17', '6.65', '6.65', '6.65', '1.77', '1.77', '1.77', 33, '13.35', '1.52', '430.00', NULL, NULL, '2023-10-30', NULL, NULL, NULL),
(90, NULL, '2023-06-15', 9, 1, '5.32', '8.55', '8.60', '8.58', '17.27', '17.37', '17.32', '6.60', '6.60', '6.60', '1.77', '1.77', '1.77', 29, '13.00', '1.60', '510.00', NULL, NULL, '2023-10-30', NULL, NULL, NULL),
(91, NULL, '2023-06-16', 6, 1, '5.20', '8.25', '8.30', '8.28', '16.67', '16.77', '16.72', '6.55', '6.45', '6.50', '1.77', '1.80', '1.79', 29, '13.25', '1.54', '446.00', NULL, NULL, '2023-10-30', NULL, NULL, NULL),
(92, NULL, '2023-06-16', 9, 1, '5.08', '8.65', '8.60', '8.63', '17.47', '17.37', '17.42', '6.60', '6.45', '6.53', '1.37', '1.80', '1.59', 33, '12.00', '1.83', '492.00', NULL, NULL, '2023-10-30', NULL, NULL, NULL),
(93, NULL, '2023-06-17', 9, 1, '4.92', '8.85', '8.85', '8.85', '17.97', '17.97', '17.97', '7.75', '7.90', '7.83', '1.61', '1.58', '1.60', 33, '12.65', '1.68', '418.00', NULL, NULL, '2023-10-30', NULL, NULL, NULL),
(94, NULL, '2023-06-19', 6, 1, '5.14', '8.55', '8.55', '8.55', '17.36', '17.36', '17.36', '7.30', '7.15', '7.23', '1.66', '1.69', '1.68', 29, '13.65', '1.45', '385.00', NULL, NULL, '2023-10-30', NULL, NULL, NULL),
(95, NULL, '2023-06-19', 9, 1, '4.97', '8.95', '8.90', '8.93', '18.17', '18.07', '18.12', '7.75', '7.90', '7.83', '1.60', '1.58', '1.59', 33, '12.90', '1.63', '341.00', NULL, NULL, '2023-10-30', NULL, NULL, NULL),
(96, NULL, '2023-06-20', 9, 1, '4.95', '8.85', '8.85', '8.85', '17.97', '17.97', '17.97', '8.00', '8.05', '8.03', '1.56', '1.55', '1.56', 33, '12.80', '1.65', '308.00', NULL, NULL, '2023-10-30', NULL, NULL, NULL),
(97, NULL, '2023-06-21', 6, 1, '5.04', '8.85', '8.80', '8.83', '17.97', '17.86', '17.92', '8.00', '8.05', '8.03', '1.56', '1.55', '1.56', 33, '12.75', '1.66', '312.00', NULL, NULL, '2023-10-30', NULL, NULL, NULL),
(98, NULL, '2023-06-21', 7, 1, '4.98', '8.95', '9.00', '8.98', '18.17', '18.27', '18.22', '8.15', '8.15', '8.15', '1.54', '1.54', '1.54', 33, '13.00', '1.60', '313.00', '34.80', NULL, '2023-10-30', NULL, NULL, NULL),
(99, NULL, '2023-06-22', 7, 1, '4.97', '8.90', '8.95', '8.93', '18.07', '18.17', '18.12', '8.05', '8.05', '8.05', '1.55', '1.55', '1.55', 37, '12.00', '1.83', '283.00', '34.90', NULL, '2023-10-30', NULL, NULL, NULL),
(100, NULL, '2023-06-22', 9, 1, '4.96', '9.00', '8.90', '8.95', '18.27', '18.07', '18.17', '8.10', '8.10', '8.10', '1.54', '1.54', '1.54', 37, '12.00', '1.83', '310.00', '35.00', NULL, '2023-10-30', NULL, NULL, NULL),
(101, NULL, '2023-06-23', 6, 1, '4.81', '9.00', '8.95', '8.98', '18.27', '18.17', '18.22', '7.65', '7.50', '7.58', '1.62', '1.64', '1.63', 29, '13.90', '1.39', '262.00', '35.90', NULL, '2023-10-30', NULL, NULL, NULL),
(102, NULL, '2023-06-24', 8, 1, '4.66', '8.65', '8.70', '8.68', '17.56', '17.66', '17.61', '8.30', '8.15', '8.23', '1.52', '1.54', '1.53', 29, '15.55', '1.01', '286.00', '35.90', NULL, '2023-10-30', NULL, NULL, NULL),
(103, NULL, '2023-06-28', 7, 1, '4.93', '8.85', '8.90', '8.88', '17.97', '18.07', '18.02', '7.80', '7.75', '7.78', '1.59', '1.60', '1.60', 33, '13.35', '1.52', '281.00', '34.80', NULL, '2023-10-30', NULL, NULL, NULL),
(104, NULL, '2023-06-29', 8, 1, '4.90', '8.95', '8.90', '8.93', '18.17', '18.07', '18.12', '7.85', '8.00', '7.93', '1.57', '1.59', '1.58', 33, '13.65', '1.45', '252.00', '35.10', NULL, '2023-10-30', NULL, NULL, NULL),
(105, NULL, '2023-06-30', 7, 1, '4.64', '8.15', '8.15', '8.15', '17.15', '17.15', '17.15', '7.00', '6.85', '6.93', '1.70', '1.73', '1.72', 27, '13.35', '1.56', '345.00', '36.30', NULL, '2023-10-30', NULL, NULL, NULL),
(106, NULL, '2023-07-01', 9, 1, '4.83', '8.90', '8.80', '8.85', '18.07', '17.86', '17.97', '7.30', '7.45', '7.38', '7.30', '7.45', '7.38', 29, '14.20', '1.36', '324.00', '35.30', NULL, '2023-10-30', NULL, NULL, NULL),
(107, NULL, '2023-07-04', 9, 1, '4.84', '8.85', '8.80', '8.83', '17.97', '17.86', '17.92', '7.45', '7.55', '7.50', '1.64', '1.62', '1.63', 29, '14.30', '1.34', '330.00', '35.30', NULL, '2023-10-30', NULL, NULL, NULL),
(108, NULL, '2023-07-06', 7, 1, '4.94', '8.85', '8.90', '8.88', '17.97', '18.07', '18.02', '7.95', '7.95', '7.95', '1.55', '1.55', '1.55', 33, '12.30', '1.80', '311.00', '35.10', NULL, '2023-10-30', NULL, NULL, NULL),
(109, NULL, '2023-07-10', 10, 1, '4.65', '8.25', '8.30', '8.28', '16.75', '16.85', '16.80', '7.95', '7.95', '7.95', '1.56', '1.56', '1.56', 23, '14.20', '1.36', NULL, '34.10', NULL, '2023-10-30', NULL, NULL, NULL),
(110, NULL, '2023-07-15', 9, 1, '4.80', '8.00', '8.00', '8.00', '16.24', '16.24', '16.24', '6.90', '6.90', '6.90', '1.71', '1.71', '1.71', 29, '14.75', '1.24', '232.00', '34.30', NULL, '2023-10-30', NULL, NULL, NULL),
(111, NULL, '2023-07-17', 7, 1, '5.00', '8.65', '8.75', '8.70', '17.56', '17.76', '17.66', '7.30', '7.30', '7.30', '1.65', '1.65', '1.65', 29, '12.80', '1.68', '233.00', '34.50', NULL, '2023-10-30', NULL, NULL, NULL),
(112, NULL, '2023-07-18', 10, 1, '4.75', '8.40', '8.40', '8.40', '17.05', '17.05', '17.05', '7.45', '7.45', '7.45', '1.65', '1.65', '1.65', 23, '14.80', '1.23', '548.00', '34.60', NULL, '2023-10-30', NULL, NULL, NULL),
(113, NULL, '2023-07-19', 8, 1, '5.06', '8.95', '8.95', '8.95', '18.17', '18.17', '18.17', '7.70', '7.70', '7.70', '1.61', '1.61', '1.61', 29, '11.75', '1.92', '212.00', '34.80', NULL, '2023-10-30', NULL, NULL, NULL),
(114, NULL, '2023-07-20', 6, 1, '4.93', '8.70', '8.80', '8.75', '17.66', '17.86', '17.76', '7.90', '7.90', '7.90', '1.58', '1.58', '1.58', 29, '13.80', '1.45', NULL, '35.20', NULL, '2023-10-30', NULL, NULL, NULL),
(115, NULL, '2023-07-21', 7, 1, '4.80', '8.90', '9.00', '8.95', '18.07', '18.27', '18.17', '8.35', '8.50', '8.43', '1.51', '1.49', '1.50', 33, '13.50', '1.52', '224.00', '35.00', NULL, '2023-10-30', NULL, NULL, NULL),
(116, NULL, '2023-07-22', 6, 1, '4.83', '9.05', '9.05', '9.05', '18.37', '18.27', '18.32', '8.30', '8.30', '8.30', '1.52', '1.52', '1.52', 33, '14.20', '1.36', '230.00', '35.00', NULL, '2023-10-30', NULL, NULL, NULL),
(117, NULL, '2023-07-24', 10, 1, '4.68', '8.05', '8.05', '8.05', '16.34', '16.34', '16.34', '7.30', '7.15', '7.23', '1.67', '1.69', '1.68', 15, '11.25', '2.04', '1100.00', '34.80', NULL, '2023-10-30', NULL, NULL, NULL),
(118, NULL, '2023-07-25', 9, 1, '4.93', '9.05', '9.10', '9.08', '18.37', '18.47', '18.42', '7.60', '7.45', '7.53', '1.63', '1.65', '1.64', 29, '13.65', '1.49', '329.00', '34.00', NULL, '2023-10-30', NULL, NULL, NULL),
(119, NULL, '2023-07-26', 8, 1, '4.96', '9.05', '9.05', '9.05', '18.37', '18.37', '18.37', '7.60', '7.75', '7.68', '1.63', '1.62', '1.63', 27, '13.70', '1.48', '1100.00', '35.40', NULL, '2023-10-30', NULL, NULL, NULL),
(120, NULL, '2023-07-31', 9, 1, '4.86', '8.95', '9.00', '8.98', '18.17', '18.27', '18.22', '8.25', '8.10', '8.18', '1.53', '1.55', '1.54', 29, '13.25', '1.58', '344.00', '35.00', NULL, '2023-10-30', NULL, NULL, NULL),
(121, NULL, '2023-08-07', 10, 1, '4.95', '8.60', '8.65', '8.63', '17.46', '17.56', '17.51', '7.00', '7.00', '7.00', '1.71', '1.71', '1.71', 23, '13.80', '1.45', '527.00', '35.10', NULL, '2023-10-30', NULL, NULL, NULL),
(122, NULL, '2023-08-02', 6, 1, '4.98', '9.05', '9.05', '9.05', '18.37', '18.37', '18.37', '7.40', '7.40', '7.40', '1.65', '1.65', '1.65', 25, '13.40', '1.52', '342.00', '35.40', NULL, '2023-10-30', NULL, NULL, NULL),
(123, NULL, '2023-08-04', 10, 1, '4.80', '8.30', '8.35', '8.33', '16.85', '16.95', '16.90', '7.50', '7.40', '7.45', '1.64', '1.65', '1.65', 23, '13.90', '1.41', '615.00', '34.10', NULL, '2023-10-30', NULL, NULL, NULL),
(124, NULL, '2023-08-05', 8, 1, '4.86', '8.25', '8.30', '8.28', '16.75', '16.85', '16.80', '7.00', '6.85', '6.93', '1.71', '1.75', '1.73', 23, '13.65', '1.46', '18.70', '35.20', NULL, '2023-10-30', NULL, NULL, NULL),
(125, NULL, '2023-08-10', 6, 1, '4.84', '8.70', '8.70', '8.70', '17.66', '17.66', '17.66', '7.70', '7.60', '7.65', '1.61', '1.63', '1.62', 27, '13.25', '1.56', '1100.00', '35.30', NULL, '2023-10-30', NULL, NULL, NULL),
(126, NULL, '2023-08-11', 10, 1, '4.82', '8.65', '8.70', '8.68', '17.60', '17.66', '17.63', '7.65', '7.65', '7.65', '1.62', '1.62', '1.62', 25, '13.85', '1.42', '435.00', '34.60', NULL, '2023-10-30', NULL, NULL, NULL),
(127, NULL, '2023-08-14', 7, 1, '4.95', '8.65', '8.70', '8.68', '17.56', '17.66', '17.61', '6.95', '7.10', '7.03', '1.72', '1.70', '1.71', 23, '13.65', '1.46', '12.50', '36.00', NULL, '2023-10-30', NULL, NULL, NULL),
(128, NULL, '2023-08-16', 7, 1, '4.95', '8.75', '8.80', '8.78', '17.76', '17.86', '17.81', '6.80', '6.95', '6.88', '1.74', '1.72', '1.73', 23, '13.55', '1.49', '12.50', '36.20', NULL, '2023-10-30', NULL, NULL, NULL),
(129, NULL, '2023-08-17', 7, 1, '4.97', '8.75', '8.80', '8.78', '17.76', '17.86', '17.81', '6.45', '6.60', '6.53', '1.79', '1.77', '1.78', 23, '12.90', '1.64', '10.97', '35.60', NULL, '2023-10-30', NULL, NULL, NULL),
(130, NULL, '2023-08-18', 9, 1, '4.81', '8.95', '9.00', '8.98', '18.17', '18.27', '18.22', '7.95', '8.10', '8.03', '1.57', '1.55', '1.56', 27, '12.70', '1.68', '14.70', '35.00', NULL, '2023-10-30', NULL, NULL, NULL),
(131, NULL, '2023-08-19', 9, 1, '4.96', '8.90', '8.90', '8.90', '18.07', '18.07', '18.07', '7.00', '6.85', '6.93', '1.70', '1.73', '1.72', 23, '12.55', '1.72', '13.60', '35.40', NULL, '2023-10-30', NULL, NULL, NULL),
(132, NULL, '2023-08-21', 7, 1, '4.92', '8.95', '9.00', '8.98', '18.17', '18.27', '18.22', '7.90', '8.05', '7.98', '1.58', '1.56', '1.57', 27, '14.00', '1.38', '15.20', '35.10', NULL, '2023-10-30', NULL, NULL, NULL),
(133, NULL, '2023-08-25', 9, 1, '4.95', '9.00', '8.95', '8.98', '18.27', '18.17', '18.22', '7.95', '7.95', '7.95', '1.57', '1.57', '1.57', 27, '14.05', '1.37', '13.70', '35.00', NULL, '2023-10-30', NULL, NULL, NULL),
(134, NULL, '2023-05-28', 7, 1, '4.93', '9.00', '9.05', '9.03', '18.27', '18.37', '18.32', '7.60', '7.65', '7.63', '1.63', '1.61', '1.62', 23, '13.80', '1.43', '16.80', '37.00', NULL, '2023-10-30', NULL, NULL, NULL),
(135, NULL, '2023-08-31', 6, 1, '4.78', '8.20', '8.25', '8.23', '16.65', '16.75', '16.70', '6.80', '6.65', '6.73', '1.74', '1.76', '1.75', 23, '14.70', '1.22', '35.50', '16.80', NULL, '2023-10-30', NULL, NULL, NULL),
(136, NULL, '2023-09-01', 7, 1, '4.94', '8.35', '8.35', '8.35', '16.95', '16.95', '16.95', '6.55', '6.70', '6.63', '1.78', '1.76', '1.77', 33, '16.45', '0.82', '285.00', '36.00', NULL, '2023-10-30', NULL, NULL, NULL),
(137, NULL, '2023-09-02', 7, 1, '4.95', '8.80', '8.75', '8.78', '17.86', '17.76', '17.81', '6.85', '6.85', '6.85', '1.72', '1.72', '1.72', 27, '14.40', '1.29', '256.00', '35.80', NULL, '2023-10-30', NULL, NULL, NULL),
(138, NULL, '2023-09-04', 7, 1, '4.93', '8.80', '8.75', '8.78', '17.86', '17.76', '17.81', '6.85', '6.85', '6.85', '1.72', '1.72', '1.72', 23, '13.80', '1.43', '13.90', '36.00', NULL, '2023-10-30', NULL, NULL, NULL),
(139, NULL, '2023-09-09', 6, 1, '4.80', '8.30', '8.35', '8.33', '16.85', '16.95', '16.90', '6.75', '6.75', '6.75', '1.73', '1.73', '1.73', 23, '14.65', '1.24', '10.01', '35.40', NULL, '2023-10-30', NULL, NULL, NULL),
(140, NULL, '2023-09-11', 6, 1, '4.79', '8.30', '8.30', '8.30', '16.85', '16.85', '16.85', '6.45', '6.55', '6.50', '1.78', '1.76', '1.77', 23, '14.20', '1.25', '10.54', '35.60', NULL, '2023-10-30', NULL, NULL, NULL),
(141, NULL, '2023-09-11', 7, 1, '4.78', '8.30', '8.25', '8.28', '16.85', '18.74', '17.80', '6.85', '8.70', '7.78', '1.72', '1.74', '1.73', 29, '16.65', '0.78', '169.00', '35.70', NULL, '2023-10-30', NULL, NULL, NULL),
(142, NULL, '2023-09-13', 10, 1, '4.78', '8.40', '8.45', '8.43', '17.05', '17.15', '17.10', '7.20', '7.20', '7.20', '1.65', '1.65', '1.65', 23, '14.15', '1.35', '339.00', '34.80', NULL, '2023-10-30', NULL, NULL, NULL),
(143, NULL, '2023-09-14', 6, 1, '4.59', '8.10', '8.15', '8.13', '16.44', '16.54', '16.49', '6.75', '6.90', '6.83', '1.72', '1.70', '37.00', 37, '18.35', '0.39', NULL, '36.40', NULL, '2023-10-30', NULL, NULL, NULL),
(144, NULL, '2023-09-15', 8, 1, '4.81', '7.90', '7.95', '7.93', '16.04', '16.14', '16.09', '6.35', '6.35', '6.35', '1.78', '1.78', '1.78', 33, '10.55', '2.18', '440.00', '35.10', NULL, '2023-10-30', NULL, NULL, NULL),
(145, NULL, '2023-09-16', 7, 1, '4.70', '8.40', '8.50', '8.45', '17.05', '17.26', '17.16', '6.50', '6.50', '6.50', '1.78', '1.78', '1.78', 27, '16.05', '0.92', '220.00', '36.20', NULL, '2023-10-30', NULL, NULL, NULL),
(146, NULL, '2023-09-20', 7, 1, '4.75', '8.70', '8.70', '8.70', '17.66', '17.66', '17.66', '6.40', '6.40', '6.40', '1.79', '1.79', '1.79', 23, '15.10', '1.14', '202.00', '36.80', NULL, '2023-10-30', NULL, NULL, NULL),
(147, NULL, '2023-09-21', 6, 1, '4.80', '8.65', '8.75', '8.70', '17.56', '17.76', '17.66', '6.30', '6.45', '6.38', '1.80', '1.78', '1.79', 23, '14.90', '1.18', '14.60', '36.40', NULL, '2023-10-30', NULL, NULL, NULL),
(148, NULL, '2023-09-23', 10, 1, '4.59', '8.05', '8.10', '8.08', '16.34', '16.44', '16.39', '7.20', '7.10', '7.15', '1.67', '1.69', '1.68', 23, '14.90', '1.18', '15.60', '36.20', NULL, '2023-10-30', NULL, NULL, NULL),
(149, NULL, '2023-09-23', 7, 1, '4.74', '8.20', '8.20', '8.20', '16.65', '16.65', '16.65', '6.55', '6.40', '6.48', '1.79', '1.77', '1.78', 23, '14.65', '1.24', '274.00', '35.50', NULL, '2023-10-30', NULL, NULL, NULL),
(150, NULL, '2023-09-25', 6, 1, '4.88', '8.75', '8.80', '8.78', '17.76', '17.86', '17.81', '6.90', '6.75', '6.83', '1.72', '1.74', '1.73', 19, '14.00', '1.39', '16.80', '35.80', NULL, '2023-10-30', NULL, NULL, NULL),
(151, NULL, '2023-09-26', 7, 1, '4.86', '8.90', '8.80', '8.85', '18.07', '17.86', '17.97', '6.80', '6.95', '6.88', '1.73', '1.71', '1.72', 23, '14.30', '1.32', '18.60', '35.70', NULL, '2023-10-30', NULL, NULL, NULL),
(152, NULL, '2023-09-27', 6, 1, '4.64', '8.35', '8.35', '8.35', '16.95', '16.95', '16.95', '7.90', '7.90', '7.90', '1.57', '1.57', '1.57', 33, '17.10', '0.68', '131.00', '36.00', NULL, '2023-10-30', NULL, NULL, NULL),
(153, NULL, '2023-09-28', 6, 1, '4.68', '8.90', '8.95', '8.93', '18.07', '18.17', '18.12', '8.95', '8.95', '8.95', '1.42', '1.42', '1.42', 37, '14.65', '1.24', '101.80', '34.20', NULL, '2023-10-30', NULL, NULL, NULL),
(154, NULL, '2023-09-29', 10, 1, '4.78', '8.45', '8.50', '8.48', '17.15', '17.26', '17.21', '7.80', '7.65', '7.73', '1.59', '1.61', '1.60', 19, '12.60', '1.71', '438.00', '34.40', NULL, '2023-10-30', NULL, NULL, NULL),
(155, NULL, '2023-09-30', 6, 1, '4.80', '8.95', '9.00', '8.98', '18.17', '18.27', '18.22', '7.65', '7.65', '7.65', '1.61', '1.61', '1.61', 23, '16.10', '0.91', '290.00', '35.80', NULL, '2023-10-30', NULL, NULL, NULL),
(156, NULL, '2023-10-02', 7, 1, '4.86', '9.05', '9.10', '9.08', '18.37', '18.47', '18.42', '7.10', '7.10', '7.10', '1.71', '1.71', '1.71', 23, '13.20', '1.57', NULL, '36.00', NULL, '2023-10-30', NULL, NULL, NULL),
(157, NULL, '2023-10-04', 6, 1, '4.70', '9.10', '9.10', '9.10', '18.47', '18.47', '18.47', '9.00', '9.05', '9.03', '1.43', '1.42', '1.43', 37, '14.25', '1.33', '118.00', '34.30', NULL, '2023-10-30', NULL, NULL, NULL),
(158, NULL, '2023-10-05', 7, 1, '4.86', '8.90', '8.95', '8.93', '18.07', '18.17', '18.12', '6.70', '6.85', '6.78', '1.76', '1.74', '1.75', 23, '14.05', '1.38', '17.30', '35.50', NULL, '2023-10-30', NULL, NULL, NULL),
(159, NULL, '2023-10-06', 6, 1, '4.81', '9.10', '9.10', '9.10', '18.47', '18.47', '18.47', '7.80', '7.95', '7.88', '1.60', '1.58', '1.59', 27, '14.10', '1.36', '19.30', '35.40', NULL, '2023-10-30', NULL, NULL, NULL),
(160, NULL, '2023-10-07', 10, 1, '4.74', '8.30', '8.40', '8.35', '16.85', '17.05', '16.95', '7.45', '7.45', '7.45', '1.65', '1.65', '1.65', 19, '14.50', '1.27', NULL, '34.60', NULL, '2023-10-30', NULL, NULL, NULL),
(161, NULL, '2023-10-09', 7, 1, '4.83', '8.80', '8.90', '8.85', '17.86', '18.07', '17.97', '7.30', '7.30', '7.30', '1.67', '1.67', '1.67', 19, '14.25', '1.33', NULL, '35.40', NULL, '2023-10-30', NULL, NULL, NULL),
(162, NULL, '2023-10-10', 7, 1, '4.86', '8.90', '9.00', '8.95', '18.07', '18.27', '18.17', '7.15', '7.15', '7.15', '1.70', '1.70', '1.70', 19, '14.65', '1.24', NULL, '35.40', NULL, '2023-10-30', NULL, NULL, NULL),
(163, NULL, '2023-10-11', 7, 1, '4.88', '8.90', '9.00', '8.95', '18.07', '18.27', '18.17', '7.10', '7.10', '7.10', '1.69', '1.69', '1.69', 19, '14.70', '1.23', NULL, '36.20', NULL, '2023-10-30', NULL, NULL, NULL),
(164, NULL, '2023-10-12', 7, 1, '4.90', '9.05', '9.10', '9.08', '18.37', '18.47', '18.42', '6.90', '6.90', '6.90', '1.72', '1.72', '1.72', 19, '14.55', '1.26', NULL, '36.00', NULL, '2023-10-30', NULL, NULL, NULL),
(165, NULL, '2023-10-14', 7, 1, '4.90', '9.05', '9.05', '9.05', '18.37', '18.37', '18.37', '6.85', '6.85', '6.85', '1.72', '1.72', '1.72', 21, '14.65', '1.24', NULL, '36.40', NULL, '2023-10-30', NULL, NULL, NULL),
(166, NULL, '2023-10-16', 10, 1, '4.77', '8.40', '8.30', '8.35', '17.05', '16.85', '16.95', '7.20', '7.10', '7.15', '1.67', '1.69', '1.68', 21, '15.10', '1.14', NULL, '35.30', NULL, '2023-10-30', NULL, NULL, NULL),
(167, NULL, '2023-10-17', 7, 1, '4.53', '8.45', '8.50', '8.48', '17.05', '17.26', '17.16', '7.80', '7.95', '7.88', '1.60', '1.58', '1.59', 23, '16.05', '0.92', NULL, '35.00', NULL, '2023-10-30', NULL, NULL, NULL),
(168, NULL, '2023-10-18', 7, 1, '4.68', '8.60', '8.60', '8.60', '17.46', '17.46', '17.46', '6.90', '7.05', '6.98', '1.73', '1.70', '1.72', 23, '15.30', '1.09', NULL, '36.00', NULL, '2023-10-30', NULL, NULL, NULL),
(169, NULL, '2023-10-18', 10, 1, '4.72', '8.40', '8.40', '8.40', '17.05', '17.05', '17.05', '7.20', '7.20', '7.20', '1.68', '1.68', '1.68', 23, '14.80', '1.20', NULL, '35.30', NULL, '2023-10-30', NULL, NULL, NULL),
(170, NULL, '2023-10-19', 7, 1, '4.69', '8.90', '8.95', '8.93', '18.07', '18.17', '18.12', '9.10', '9.25', '9.18', '1.40', '1.38', '1.39', 37, '13.80', '1.43', NULL, '34.00', NULL, '2023-10-30', NULL, NULL, NULL),
(171, NULL, '2023-10-20', 7, 1, '4.69', '9.00', '9.05', '9.03', '18.27', '18.37', '18.32', '9.15', '9.00', '9.08', '1.40', '1.42', '1.41', 37, '14.65', '1.24', NULL, '34.30', NULL, '2023-10-30', NULL, NULL, NULL),
(172, NULL, '2023-10-21', 7, 1, '4.65', '8.80', '8.85', '8.83', '17.86', '17.97', '17.92', '8.10', '7.95', '8.03', '1.55', '1.57', '1.56', 27, '14.55', '1.19', NULL, '35.60', NULL, '2023-10-30', NULL, NULL, NULL),
(173, NULL, '2023-01-23', 8, 2, '4.93', '4.80', '4.85', '4.83', '9.74', '9.85', '9.80', '4.65', '4.70', '4.68', '2.07', '2.06', '2.07', 23, '18.65', '0.40', '317.00', NULL, NULL, '2023-10-30', NULL, NULL, NULL),
(174, NULL, '2023-06-05', 6, 2, '4.94', '5.10', '5.10', '5.10', '10.30', '10.30', '10.30', '4.60', '4.75', '4.68', '2.07', '2.04', '2.06', 27, '18.10', '0.43', '562.00', NULL, NULL, '2023-10-30', NULL, NULL, NULL),
(175, NULL, '2023-07-03', 7, 2, '4.69', '4.30', '4.30', '4.30', '8.73', '8.73', '8.73', '5.70', '5.70', '5.70', '1.89', '1.89', '1.89', 29, '19.15', '0.23', NULL, '32.70', NULL, '2023-10-30', NULL, NULL, NULL),
(176, NULL, '2023-08-03', 8, 2, '4.22', '4.95', '5.00', '4.98', '10.05', '10.15', '10.10', '8.20', '8.05', '8.13', '1.54', '1.56', '1.55', 41, '19.15', '0.20', '491.00', '29.10', NULL, '2023-10-30', NULL, NULL, NULL),
(177, NULL, '2023-09-06', 6, 2, '4.25', '4.45', '4.45', '4.45', '9.03', '9.03', '9.03', '5.35', '5.35', '5.35', '1.92', '1.93', '1.93', 27, '19.50', '0.12', '17.40', '32.10', NULL, '2023-10-30', NULL, NULL, NULL),
(178, NULL, '2023-01-13', 7, 3, '4.45', '7.75', '7.75', '7.75', '15.73', '15.73', '15.73', '8.45', '8.45', '8.45', '1.51', '1.51', '1.51', 41, '16.35', '0.91', '1100.00', NULL, NULL, '2023-10-30', NULL, NULL, NULL),
(179, NULL, '2023-01-13', 9, 3, '4.44', '7.75', '7.80', '7.78', '15.73', '15.83', '15.78', '8.00', '8.00', '8.00', '1.57', '1.57', '1.57', 37, '16.25', '0.93', '1100.00', NULL, NULL, '2023-10-30', NULL, NULL, NULL),
(180, NULL, '2023-01-14', 9, 3, '4.44', '7.70', '7.80', '7.75', '15.63', '15.83', '15.73', '8.10', '8.10', '8.10', '1.57', '1.57', '1.57', 41, '16.25', '0.94', '962.00', NULL, NULL, '2023-10-30', NULL, NULL, NULL),
(181, NULL, '2023-03-04', 10, 3, '4.38', '7.90', '7.95', '7.93', '15.99', '16.09', '16.04', '10.35', '10.40', '10.38', '1.24', '1.23', '1.24', 41, '16.95', '0.69', '523.00', NULL, NULL, '2023-10-30', NULL, NULL, NULL),
(182, NULL, '2023-03-07', 10, 3, '4.41', '8.00', '8.00', '8.00', '16.19', '16.19', '16.19', '9.65', '9.65', '9.65', '1.34', '1.34', '1.34', 41, '17.55', '0.55', '559.00', NULL, NULL, '2023-10-30', NULL, NULL, NULL),
(183, NULL, '2023-03-15', 8, 3, '4.47', '8.05', '8.00', '8.03', '16.29', '16.19', '16.24', '8.65', '8.65', '8.65', '1.50', '1.50', '1.50', 41, '14.85', '1.19', '510.00', NULL, NULL, '2023-10-30', NULL, NULL, NULL),
(184, NULL, '2023-04-11', 7, 3, '4.39', '7.75', '7.75', '7.75', '15.89', '15.89', '15.89', '8.80', '8.80', '8.80', '1.44', '1.44', '1.44', 33, '15.65', '1.01', '1100.00', NULL, NULL, '2023-10-30', NULL, NULL, NULL),
(185, NULL, '2023-04-21', 6, 3, '4.52', '7.95', '7.95', '7.95', '16.09', '16.09', '16.09', '5.30', '5.45', '5.38', '1.94', '1.92', '1.93', 33, '13.55', '1.49', '601.00', NULL, NULL, '2023-10-30', NULL, NULL, NULL),
(186, NULL, '2023-05-09', 8, 3, '4.35', '8.00', '7.95', '7.98', '16.19', '16.09', '16.14', '8.45', '8.60', '8.53', '1.49', '1.47', '1.48', 39, '14.50', '1.16', '1003.00', NULL, NULL, '2023-10-30', NULL, NULL, NULL),
(187, NULL, '2023-05-10', 6, 3, '4.42', '8.00', '7.95', '7.98', '16.19', '16.09', '16.14', '8.45', '8.60', '8.53', '1.49', '1.47', '1.48', 37, '14.05', '1.36', NULL, NULL, NULL, '2023-10-30', NULL, NULL, NULL),
(188, NULL, '2023-05-11', 7, 3, '4.33', '7.85', '7.90', '7.88', '15.89', '15.99', '15.94', '9.30', '9.30', '9.30', '1.37', '1.37', '1.37', 41, '16.05', '0.90', '411.00', NULL, NULL, '2023-10-30', NULL, NULL, NULL),
(189, NULL, '2023-05-12', 8, 3, '4.35', '7.90', '7.90', '7.90', '15.99', '15.99', '15.99', '8.90', '8.90', '8.90', '1.48', '1.48', '1.48', 37, '14.75', '1.20', '568.00', NULL, NULL, '2023-10-30', NULL, NULL, NULL),
(190, NULL, '2023-05-27', 6, 3, '4.34', '7.90', '8.00', '7.95', '15.96', '16.16', '16.06', '9.30', '9.45', '9.38', '1.37', '1.36', '1.37', 41, '16.35', '0.83', '366.00', NULL, NULL, '2023-10-30', NULL, NULL, NULL),
(191, NULL, '2023-05-30', 6, 3, '4.40', '7.85', '7.90', '7.88', '15.86', '15.96', '15.91', '9.25', '9.25', '9.25', '1.39', '1.39', '1.39', 37, '16.20', '0.86', '392.00', NULL, NULL, '2023-10-30', NULL, NULL, NULL),
(192, NULL, '2023-06-01', 8, 3, '4.46', '7.90', '7.95', '7.93', '15.96', '16.06', '16.01', '8.55', '8.55', '8.55', '1.49', '1.49', '1.49', 37, '14.40', '1.28', '589.00', NULL, NULL, '2023-10-30', NULL, NULL, NULL),
(193, NULL, '2023-06-02', 7, 3, '4.73', '7.85', '7.85', '7.85', '15.86', '15.86', '15.86', '7.15', '7.00', '7.08', '1.69', '1.72', '1.71', 33, '12.75', '1.66', '872.00', NULL, NULL, '2023-10-30', NULL, NULL, NULL),
(194, NULL, '2023-07-10', 8, 3, '4.83', '7.85', '7.85', '7.85', '15.94', '15.94', '15.94', '6.70', '6.55', '6.63', '1.74', '1.76', '1.75', 29, '13.05', '1.61', NULL, '35.40', NULL, '2023-10-30', NULL, NULL, NULL),
(195, NULL, '2023-07-11', 8, 3, '4.81', '7.70', '7.75', '7.73', '15.63', '15.73', '15.68', '6.70', '6.55', '6.63', '1.74', '1.76', '1.75', 29, '13.20', '1.59', '797.00', '35.40', NULL, '2023-10-30', NULL, NULL, NULL),
(196, NULL, '2023-07-13', 8, 3, '4.77', '7.50', '7.50', '7.50', '15.23', '15.23', '15.23', '6.20', '6.20', '6.20', '1.81', '1.81', '1.81', 29, '12.60', '1.73', '804.00', '35.10', NULL, '2023-10-30', NULL, NULL, NULL),
(197, NULL, '2023-07-14', 7, 3, '4.80', '7.80', '7.75', '7.78', '15.83', '15.73', '15.78', '6.20', '6.20', '6.20', '1.81', '1.81', '1.81', 29, '13.15', '1.60', '846.00', '35.60', NULL, '2023-10-30', NULL, NULL, NULL),
(198, NULL, '2023-08-06', 8, 3, '4.78', '7.25', '7.25', '7.25', '14.72', '14.72', '14.72', '6.10', '5.95', '6.03', '1.84', '1.87', '1.86', 29, '13.80', '1.43', '1084.00', '35.20', NULL, '2023-10-30', NULL, NULL, NULL),
(199, NULL, '2023-08-08', 8, 3, '4.72', '7.50', '7.50', '7.50', '15.23', '15.23', '15.23', '6.20', '6.20', '6.20', '1.83', '1.83', '1.83', 29, '12.60', '1.70', '968.00', '35.30', NULL, '2023-10-30', NULL, NULL, NULL),
(200, NULL, '2023-08-09', 8, 3, '4.69', '7.65', '7.60', '7.63', '15.53', '15.43', '15.48', '6.30', '6.30', '6.30', '1.82', '1.82', '1.82', 27, '15.05', '1.14', '1084.00', '35.30', NULL, '2023-10-30', NULL, NULL, NULL),
(201, NULL, '2023-08-25', 8, 3, '4.70', '7.80', '7.80', '7.80', '15.83', '15.83', '15.83', '6.45', '6.45', '6.45', '1.79', '1.79', '1.79', 29, '11.85', '1.88', '384.00', '34.80', NULL, '2023-10-30', NULL, NULL, NULL),
(202, NULL, '2023-09-06', 8, 3, '4.96', '7.85', '7.85', '7.85', '15.94', '15.94', '15.94', '6.30', '6.45', '6.38', '1.81', '1.78', '1.80', 29, '12.20', '1.80', '496.00', '35.30', NULL, '2023-10-30', NULL, NULL, NULL),
(203, NULL, '2023-09-18', 9, 3, '4.88', '8.05', '8.10', '8.08', '16.34', '16.44', '16.39', '6.40', '6.30', '6.35', '1.79', '1.80', '1.80', 29, '11.25', '2.02', '424.00', '35.40', NULL, '2023-10-30', NULL, NULL, NULL),
(204, NULL, '2023-09-18', 8, 3, '4.81', '8.00', '8.00', '8.00', '16.24', '16.24', '16.24', '6.45', '6.50', '6.48', '1.78', '1.78', '1.78', 23, '11.70', '1.92', '471.00', '35.60', NULL, '2023-10-30', NULL, NULL, NULL),
(205, NULL, '2023-04-18', 7, 4, '4.36', '5.45', '5.45', '5.45', '11.03', '11.03', '11.03', '9.25', '9.40', '9.33', '1.38', '1.36', '1.37', 37, '17.55', '0.57', '879.00', NULL, NULL, '2023-10-30', NULL, NULL, NULL),
(206, NULL, '2023-05-05', 11, 4, '5.09', '5.15', '5.10', '5.13', '10.42', '10.31', '10.37', '5.05', '5.05', '5.05', '1.99', '1.99', '1.99', 27, '19.05', '0.21', NULL, NULL, NULL, '2023-10-30', NULL, NULL, NULL),
(207, NULL, '2023-05-06', 8, 4, '5.02', '5.00', '4.95', '4.98', '10.12', '10.02', '10.07', '5.40', '5.40', '5.40', '1.94', '1.94', '1.94', 29, '18.25', '0.39', '605.00', NULL, NULL, '2023-10-30', NULL, NULL, NULL),
(208, NULL, '2023-05-17', 6, 4, '4.92', '5.00', '5.00', '5.00', '10.12', '10.12', '10.12', '5.80', '5.95', '5.88', '1.86', '1.84', '1.85', 29, '17.80', '0.50', '460.00', NULL, NULL, '2023-10-30', NULL, NULL, NULL),
(209, NULL, '2023-07-12', 7, 4, '4.48', '4.90', '4.80', '4.85', '9.95', '9.74', '9.85', '6.10', '6.10', '6.10', '1.83', '1.83', '1.83', 33, '18.35', '0.42', '353.00', '33.60', NULL, '2023-10-30', NULL, NULL, NULL),
(210, NULL, '2023-08-28', 7, 4, '4.25', '4.85', '4.85', '4.85', '9.85', '9.85', '9.85', '7.70', '7.65', '7.68', '1.61', '1.62', '1.62', 33, '18.90', '0.26', '372.00', '31.80', NULL, '2023-10-30', NULL, NULL, NULL),
(211, NULL, '2023-09-21', 9, 4, '4.12', '4.10', '4.15', '4.13', '8.32', '8.42', '8.37', '6.35', '6.35', '6.35', '1.80', '1.80', '1.80', 29, '19.00', '0.24', '317.00', '31.50', NULL, '2023-10-30', NULL, NULL, NULL),
(212, NULL, '2023-10-16', 6, 4, '4.14', '4.20', '4.20', '4.20', '8.53', '8.53', '8.53', '11.10', '11.10', '11.10', '1.11', '1.11', '1.11', 45, '19.30', '0.17', NULL, '25.50', NULL, '2023-10-30', NULL, NULL, NULL),
(213, NULL, '2023-03-01', 9, 5, '4.37', '7.70', '7.75', '7.73', '15.58', '15.69', '15.64', '7.40', '7.25', '7.33', '1.67', '1.70', '1.69', 27, '16.00', '0.91', '457.00', NULL, NULL, '2023-10-30', NULL, NULL, NULL),
(214, NULL, '2023-04-10', 6, 5, '4.41', '7.65', '7.65', '7.65', '15.48', '15.48', '15.48', '7.35', '7.25', '7.30', '1.68', '1.69', '1.69', 23, '15.90', '0.95', '1100.00', NULL, NULL, '2023-10-30', NULL, NULL, NULL),
(215, NULL, '2023-01-10', 9, 6, '4.52', '7.95', '7.90', '7.93', '16.14', '16.04', '16.09', '7.45', '7.45', '7.45', '1.65', '1.65', '1.65', 33, '16.60', '0.86', NULL, NULL, NULL, '2023-10-30', NULL, NULL, NULL),
(216, NULL, '2023-01-27', 8, 6, '4.57', '7.90', '7.85', '7.88', '16.04', '15.94', '15.99', '9.30', '9.45', '9.38', '1.38', '1.36', '1.37', 41, '11.85', '1.93', '546.00', NULL, NULL, '2023-10-30', NULL, NULL, NULL),
(217, NULL, '2023-02-21', 10, 6, '4.54', '7.95', '7.90', '7.93', '16.14', '16.04', '16.09', '8.45', '8.45', '8.45', '1.52', '1.52', '1.52', 41, '12.30', '1.76', '382.00', NULL, NULL, '2023-10-30', NULL, NULL, NULL),
(218, NULL, '2023-02-28', 10, 6, '4.43', '7.90', '7.90', '7.90', '15.99', '15.99', '15.99', '5.20', '5.20', '5.20', '2.00', '2.00', '2.00', 29, '15.05', '1.13', '377.00', NULL, NULL, '2023-10-30', NULL, NULL, NULL),
(219, NULL, '2023-04-20', 6, 6, '4.39', '7.65', '7.65', '7.65', '15.48', '15.48', '15.48', '5.30', '5.45', '5.38', '1.94', '1.92', '1.93', 27, '16.15', '0.89', '319.00', NULL, NULL, '2023-10-30', NULL, NULL, NULL),
(220, NULL, '2023-04-24', 9, 6, '4.53', '7.65', '7.65', '7.65', '15.48', '15.48', '15.48', '8.35', '8.35', '8.35', '1.51', '1.51', '1.51', 27, '12.90', '1.64', '1064.00', NULL, NULL, '2023-10-30', NULL, NULL, NULL),
(221, NULL, '2023-04-24', 9, 6, '4.58', '7.65', '7.65', '7.65', '15.48', '15.38', '15.43', '8.25', '8.40', '8.33', '1.52', '1.50', '1.51', 23, '12.10', '1.82', '1100.00', NULL, NULL, '2023-10-30', NULL, NULL, NULL),
(222, NULL, '2023-07-05', 8, 6, '5.05', '8.40', '8.50', '8.45', '17.05', '17.26', '17.16', '7.90', '8.05', '7.98', '1.57', '1.54', '1.56', 37, '11.15', '2.06', '207.00', '34.40', NULL, '2023-10-30', NULL, NULL, NULL),
(223, NULL, '2023-07-07', 8, 6, '5.06', '8.55', '8.55', '8.55', '17.36', '17.36', '17.36', '7.80', '7.95', '7.88', '1.58', '1.56', '1.57', 37, '12.30', '2.13', '199.00', '34.20', NULL, '2023-10-30', NULL, NULL, NULL),
(224, NULL, '2023-07-08', 8, 6, '5.06', '8.55', '8.55', '8.55', '17.36', '17.36', '17.36', '8.10', '8.10', '8.10', '1.54', '1.54', '1.54', 37, '11.80', '1.91', '231.00', '34.50', NULL, '2023-10-30', NULL, NULL, NULL),
(225, NULL, '2023-07-27', 7, 6, '4.98', '8.35', '8.35', '8.35', '16.95', '16.95', '16.95', '7.25', '7.40', '7.33', '1.68', '1.65', '1.67', 33, '11.55', '1.97', '229.00', '34.50', NULL, '2023-10-30', NULL, NULL, NULL),
(226, NULL, '2023-07-29', 7, 6, '4.97', '8.50', '8.40', '8.45', '17.26', '17.05', '17.16', '7.50', '7.55', '7.53', '1.64', '1.63', '1.64', 33, '11.80', '1.91', '211.00', '34.50', NULL, '2023-10-30', NULL, NULL, NULL),
(227, NULL, '2023-08-09', 7, 6, '4.91', '8.25', '8.25', '8.25', '16.75', '16.75', '16.75', '7.15', '7.15', '7.15', '1.69', '1.69', '1.69', 33, '11.40', '1.98', '232.00', '35.00', NULL, '2023-10-30', NULL, NULL, NULL),
(228, NULL, '2023-08-30', 7, 6, '4.57', '7.15', '7.20', '7.18', '14.51', '14.62', '14.57', '7.45', '7.45', '7.45', '1.64', '1.64', '1.64', 21, '14.10', '1.36', '549.00', '33.60', NULL, '2023-10-30', NULL, NULL, NULL),
(229, '', '2023-10-31', 1, 1, '12.00', '12.00', '21.00', '16.50', '12.00', '21.00', '16.50', '12.00', '12.00', '12.00', '2.00', '1.00', '1.50', NULL, NULL, NULL, NULL, NULL, '', '2023-10-31', NULL, NULL, NULL);

-- --------------------------------------------------------

--
-- Table structure for table `tank`
--

CREATE TABLE `tank` (
  `id` int(11) NOT NULL,
  `code` varchar(45) DEFAULT NULL,
  `name` varchar(100) DEFAULT NULL,
  `description` varchar(255) DEFAULT NULL,
  `color` varchar(45) DEFAULT NULL
) ENGINE=InnoDB DEFAULT CHARSET=utf8;

--
-- Dumping data for table `tank`
--

INSERT INTO `tank` (`id`, `code`, `name`, `description`, `color`) VALUES
(1, 'S01', NULL, NULL, '#0C356A'),
(2, 'S02', NULL, NULL, '#0174BE'),
(3, 'S03', NULL, NULL, '#FFC436'),
(4, 'S04', NULL, NULL, '#86A789'),
(5, 'S05', NULL, NULL, '#B2C8BA'),
(6, 'S06', NULL, NULL, '#3D30A2'),
(7, 'S07', NULL, NULL, '#B15EFF'),
(8, 'S08', NULL, NULL, '#F4BF96'),
(9, 'S09', NULL, NULL, '#CE5A67'),
(10, 'S10', NULL, NULL, '#6C5F5B'),
(11, 'Con', NULL, NULL, '#495E57'),
(12, 'N/A', NULL, NULL, '#45474B');

-- --------------------------------------------------------

--
-- Table structure for table `type`
--

CREATE TABLE `type` (
  `id` int(11) NOT NULL,
  `code` varchar(45) DEFAULT NULL,
  `name` varchar(100) DEFAULT NULL,
  `description` varchar(255) DEFAULT NULL,
  `color` varchar(45) DEFAULT NULL
) ENGINE=InnoDB DEFAULT CHARSET=utf8;

--
-- Dumping data for table `type`
--

INSERT INTO `type` (`id`, `code`, `name`, `description`, `color`) VALUES
(1, 'KO', NULL, NULL, '#4F4A45'),
(2, 'LS', NULL, NULL, '#0174BE'),
(3, 'TA-R', NULL, NULL, '#FFC436'),
(4, 'LS-OR-FT', NULL, NULL, '#B15EFF'),
(5, 'TA-OR', NULL, NULL, '#CE5A67'),
(6, 'TA-OR-FT', NULL, NULL, '#6C5F5B'),
(7, 'TA', NULL, NULL, '#4F4A45'),
(8, 'TAMARI', NULL, NULL, '#940B92'),
(9, 'LS-R', NULL, NULL, '#FF8080'),
(10, 'LEES', '', NULL, '#45474B');

--
-- Indexes for dumped tables
--

--
-- Indexes for table `raw_sauce`
--
ALTER TABLE `raw_sauce`
  ADD PRIMARY KEY (`id`);

--
-- Indexes for table `tank`
--
ALTER TABLE `tank`
  ADD PRIMARY KEY (`id`);

--
-- Indexes for table `type`
--
ALTER TABLE `type`
  ADD PRIMARY KEY (`id`);

--
-- AUTO_INCREMENT for dumped tables
--

--
-- AUTO_INCREMENT for table `raw_sauce`
--
ALTER TABLE `raw_sauce`
  MODIFY `id` int(11) NOT NULL AUTO_INCREMENT, AUTO_INCREMENT=230;

--
-- AUTO_INCREMENT for table `tank`
--
ALTER TABLE `tank`
  MODIFY `id` int(11) NOT NULL AUTO_INCREMENT, AUTO_INCREMENT=13;

--
-- AUTO_INCREMENT for table `type`
--
ALTER TABLE `type`
  MODIFY `id` int(11) NOT NULL AUTO_INCREMENT, AUTO_INCREMENT=11;
COMMIT;

/*!40101 SET CHARACTER_SET_CLIENT=@OLD_CHARACTER_SET_CLIENT */;
/*!40101 SET CHARACTER_SET_RESULTS=@OLD_CHARACTER_SET_RESULTS */;
/*!40101 SET COLLATION_CONNECTION=@OLD_COLLATION_CONNECTION */;
